{"institution": "MOLINA HOLDINGS LLC", "ts": "20260421_0447", "data": {"DOW_J": {"v": 49446.78125, "p": 0.06739209813617568, "vol": 8955200}, "NASDAQ": {"v": 24407.99609375, "p": 0.023875630297030288, "vol": 53255000}, "S&P500": {"v": 7110.3798828125, "p": -0.031215235121704748, "vol": 70148000}, "NIKKEI": {"v": 59345.80078125, "p": 0.5098355915178505, "vol": 0}, "FEAR": {"v": 19.09000015258789, "p": -0.46923957849783665, "vol": 0}, "APPLE": {"v": 272.92999267578125, "p": 0.7828348791771647, "vol": 877981}, "MICRO": {"v": 418.1099853515625, "p": -0.9487947539102466, "vol": 450680}, "NVIDIA": {"v": 202.11000061035156, "p": 1.6956802978972525, "vol": 1879881}, "TSMC": {"v": 366.2900085449219, "p": -0.26682835463409443, "vol": 151395}, "BROAD": {"v": 399.8399963378906, "p": -1.0002992215705506, "vol": 425129}, "JPMORGAN": {"v": 317.0899963378906, "p": 1.5044939143149851, "vol": 175582}, "GOLDMAN": {"v": 941.469970703125, "p": 1.342300398614101, "vol": 67795}, "VISA": {"v": 313.9700012207031, "p": -0.8604512355718577, "vol": 188411}, "MASTERC": {"v": 516.8099975585938, "p": -0.8327787877105663, "vol": 88719}, "BLKROCK": {"v": 1048.530029296875, "p": -0.3478375876206851, "vol": 25540}, "CAMECO": {"v": 123.62000274658203, "p": 3.3115362475857175, "vol": 67322}, "EXXON": {"v": 147.67999267578125, "p": 0.7092152826387883, "vol": 319191}, "SHELL": {"v": 87.98999786376953, "p": 0.15936185780319462, "vol": 155047}, "NUSCALE": {"v": 12.789999961853027, "p": 4.408162953902265, "vol": 360109}, "ENERGY": {"v": 21.510000228881836, "p": 5.455653806847143, "vol": 111745}, "LOCKHEED": {"v": 581.1199951171875, "p": -2.0479754604256564, "vol": 47730}, "RAYTHEON": {"v": 195.8800048828125, "p": -0.8804727645819422, "vol": 197226}, "NORTHROP": {"v": 656.989990234375, "p": -1.6482050547342815, "vol": 18409}, "GENDYNA": {"v": 332.1400146484375, "p": -1.0737257505481883, "vol": 36159}, "BOEING": {"v": 225.11000061035156, "p": 1.0595324595186357, "vol": 146714}, "MAERSK": {"v": 14790.0, "p": -1.33422281521014, "vol": 0}, "ZIM_INT": {"v": 26.56999969482422, "p": -1.1716590343161706, "vol": 28524}, "UPS_LOG": {"v": 107.12000274658203, "p": 1.2859309596077095, "vol": 133565}, "BALTIC": {"v": 11.30370044708252, "p": -2.3860058587557265, "vol": 1180}, "HAPAG": {"v": 119.0, "p": -0.5847927870414762, "vol": 0}, "LVMH": {"v": 493.1000061035156, "p": 0.591594007398676, "vol": 0}, "HERMES": {"v": 1695.0, "p": 0.1773049645390071, "vol": 0}, "FERRARI": {"v": 372.8399963378906, "p": 0.715846964803923, "vol": 33973}, "KERING": {"v": 248.8000030517578, "p": 1.2410999193317651, "vol": 0}, "RALPH": {"v": 404.54998779296875, "p": 0.0, "vol": 0}, "CROWD": {"v": 433.1199951171875, "p": 2.382750181699481, "vol": 74548}, "PALOALTO": {"v": 169.57000732421875, "p": 1.3144603400931372, "vol": 133632}, "FORTI": {"v": 82.59500122070312, "p": 0.43166751721182733, "vol": 140230}, "ZSCALER": {"v": 134.8000030517578, "p": 0.12292303868562336, "vol": 63078}, "OKTA": {"v": 75.76499938964844, "p": 2.3851343103357263, "vol": 130556}, "ELILILLY": {"v": 920.4000244140625, "p": -0.8713035041196711, "vol": 83635}, "NOVONORD": {"v": 40.459999084472656, "p": -0.09876769266010801, "vol": 146009}, "UNITEDH": {"v": 323.510009765625, "p": -0.12040263606303447, "vol": 176901}, "J&J": {"v": 230.60000610351562, "p": -1.5329417568919634, "vol": 325137}, "ABBVIE": {"v": 203.71449279785156, "p": -1.8148751721743457, "vol": 175741}}}