{"org": "MOLINA HOLDINGS LLC", "data": {"CRUDE_OIL": {"v": 86.20999908447266, "p": -0.553700938303731, "vol": 0}, "BRENT_OIL": {"v": 89.91999816894531, "p": -5.207677007823226, "vol": 0}, "NAT_GAS": {"v": 2.6610000133514404, "p": 0.03759125896568108, "vol": 0}, "EXXON": {"v": 147.67999267578125, "p": 0.7092152826387883, "vol": 319191}, "CHEVRON": {"v": 183.24000549316406, "p": -0.6829238519435976, "vol": 145161}, "CATERPIL": {"v": 798.47998046875, "p": 0.5452314955076927, "vol": 36941}, "DEERE": {"v": 594.6599731445312, "p": 0.7044831743490686, "vol": 75093}, "STEEL_DY": {"v": 209.36000061035156, "p": 4.133298897018393, "vol": 51339}, "VULCAN_M": {"v": 294.82000732421875, "p": 1.0765272652512041, "vol": 20495}, "UNITED_R": {"v": 812.4099731445312, "p": 1.7961921772061846, "vol": 17763}, "FEAR_IDX": {"v": 19.059999465942383, "p": -0.62565608615249, "vol": 0}, "USD_INDEX": {"v": 98.24299621582031, "p": 0.09882469891426536, "vol": 0}, "GOLD_FUT": {"v": 4809.2998046875, "p": -0.1432745804818495, "vol": 0}, "LOCKHEED": {"v": 581.1199951171875, "p": -2.0479754604256564, "vol": 47730}, "RAYTHEON": {"v": 195.8800048828125, "p": -0.8804727645819422, "vol": 197226}, "JP_MORGAN": {"v": 317.0899963378906, "p": 1.5044939143149851, "vol": 175582}, "GOLD_SACHS": {"v": 941.469970703125, "p": 1.342300398614101, "vol": 67795}, "BLACKROCK": {"v": 1048.530029296875, "p": -0.3478375876206851, "vol": 25540}, "B_BROTHERS": {"v": 192.6300048828125, "p": 0.0, "vol": 200}, "VISA": {"v": 313.9700012207031, "p": -0.8604512355718577, "vol": 188411}, "CAMECO": {"v": 123.62000274658203, "p": 3.3115362475857175, "vol": 67322}, "FREEPORT": {"v": 70.18000030517578, "p": 0.5732323486333785, "vol": 241936}, "NEWMONT": {"v": 114.86000061035156, "p": -0.07116850966688995, "vol": 186842}, "MP_MATS": {"v": 66.2300033569336, "p": 6.13782329711368, "vol": 104680}, "ENERGY_F": {"v": 21.510000228881836, "p": 5.455653806847143, "vol": 111745}, "MAERSK": {"v": 14805.0, "p": -1.2341561040693796, "vol": 0}, "ZIM_INT": {"v": 26.56999969482422, "p": -1.1716590343161706, "vol": 28524}, "UPS_LOG": {"v": 107.12000274658203, "p": 1.2859309596077095, "vol": 133565}, "BALTIC_D": {"v": 11.30370044708252, "p": -2.3860058587557265, "vol": 1180}, "ZILLOW": {"v": 47.290000915527344, "p": 2.0941304557294993, "vol": 85880}, "NVIDIA": {"v": 202.11000061035156, "p": 1.6956802978972525, "vol": 1879881}, "MICROSOFT": {"v": 418.1099853515625, "p": -0.9487947539102466, "vol": 450680}, "TSMC": {"v": 366.2900085449219, "p": -0.26682835463409443, "vol": 151395}, "PALANTIR": {"v": 145.89999389648438, "p": -0.13690088889492324, "vol": 278306}, "BROADCOM": {"v": 399.8399963378906, "p": -1.0002992215705506, "vol": 425129}}}